{
  "pair_completeness": 0.1642651296829971,
  "pair_quality": 7.495485942216115e-06,
  "reduction_ratio": 0.9997990632258353,
  "total_candidates": 7604577,
  "total_possible_pairs": 37845621000,
  "true_positives_found": 57,
  "total_true_pairs": 347,
  "evaluation_timestamp": "2025-10-31T13:00:44.253197"
}