{
  "precision": 0.9477611940298507,
  "recall": 0.774390243902439,
  "f1": 0.8523489932885906,
  "accuracy": 0.9449311639549437,
  "true_positives": 127,
  "false_positives": 7,
  "false_negatives": 37,
  "true_negatives": 628,
  "threshold_used": 0.0,
  "total_correspondences": 109696,
  "filtered_correspondences": 109696,
  "evaluation_timestamp": "2025-11-04T12:35:33.559272"
}