cluster_size,frequency,percentage
2,1313,98.42578710644678
3,21,1.5742128935532234
