cluster_size,frequency,percentage
2,5783,98.871601983245
3,65,1.1113010771071978
4,1,0.017096939647803042
