cluster_size,frequency,percentage
2,5094,90.43138647257234
3,459,8.148411148588675
4,57,1.0118941949227764
5,13,0.23078288656133497
6,7,0.12426770814841115
7,3,0.05325758920646192
