{
  "precision": 0.9809523809523809,
  "recall": 0.5852272727272727,
  "f1": 0.7330960854092528,
  "accuracy": 0.9060150375939849,
  "true_positives": 103,
  "false_positives": 2,
  "false_negatives": 73,
  "true_negatives": 620,
  "threshold_used": 0.0,
  "total_correspondences": 14419,
  "filtered_correspondences": 14419,
  "evaluation_timestamp": "2025-11-04T12:40:53.139836"
}