{
  "precision": 0.9411764705882353,
  "recall": 0.7777777777777778,
  "f1": 0.8517110266159694,
  "accuracy": 0.8368200836820083,
  "true_positives": 112,
  "false_positives": 7,
  "false_negatives": 32,
  "true_negatives": 88,
  "threshold_used": 0.0,
  "total_correspondences": 5681,
  "filtered_correspondences": 5681,
  "evaluation_timestamp": "2025-12-20T03:10:28.977060"
}