{
  "precision": 0.9230769230769231,
  "recall": 0.2727272727272727,
  "f1": 0.4210526315789473,
  "accuracy": 0.835,
  "true_positives": 12,
  "false_positives": 1,
  "false_negatives": 32,
  "true_negatives": 155,
  "threshold_used": 0.0,
  "total_correspondences": 1355,
  "filtered_correspondences": 1355,
  "evaluation_timestamp": "2025-11-10T16:30:08.229183"
}