{
  "precision": 0.7659574468085106,
  "recall": 0.9,
  "f1": 0.8275862068965516,
  "accuracy": 0.925,
  "true_positives": 36,
  "false_positives": 11,
  "false_negatives": 4,
  "true_negatives": 149,
  "threshold_used": 0.0,
  "total_correspondences": 8452,
  "filtered_correspondences": 8452,
  "evaluation_timestamp": "2025-11-20T15:14:59.946903"
}