{
  "precision": 0.918918918918919,
  "recall": 0.7727272727272727,
  "f1": 0.8395061728395061,
  "accuracy": 0.935,
  "true_positives": 34,
  "false_positives": 3,
  "false_negatives": 10,
  "true_negatives": 153,
  "threshold_used": 0.0,
  "total_correspondences": 5916,
  "filtered_correspondences": 5916,
  "evaluation_timestamp": "2025-11-09T19:17:44.346399"
}