{
  "pair_completeness": 0.9125,
  "pair_quality": 0.0004306899003218375,
  "reduction_ratio": 0.9997232726530613,
  "total_candidates": 338991,
  "total_possible_pairs": 1225000000,
  "true_positives_found": 146,
  "total_true_pairs": 160,
  "evaluation_timestamp": "2025-11-12T17:12:57.751119"
}