{
  "pair_completeness": 0.96,
  "pair_quality": 0.007911596508578063,
  "reduction_ratio": 0.9999428579618512,
  "total_candidates": 69771,
  "total_possible_pairs": 1221010000,
  "true_positives_found": 552,
  "total_true_pairs": 575,
  "evaluation_timestamp": "2025-12-20T02:42:18.198147"
}