{
  "pair_completeness": 0.8863636363636364,
  "pair_quality": 2.1702451597968205e-05,
  "reduction_ratio": 0.9999360124175761,
  "total_candidates": 1797032,
  "total_possible_pairs": 28084074002,
  "true_positives_found": 39,
  "total_true_pairs": 44,
  "evaluation_timestamp": "2025-11-09T20:58:37.676575"
}