{
  "precision": 0.967741935483871,
  "recall": 0.8333333333333334,
  "f1": 0.8955223880597015,
  "accuracy": 0.8828451882845189,
  "true_positives": 120,
  "false_positives": 4,
  "false_negatives": 24,
  "true_negatives": 91,
  "threshold_used": 0.0,
  "total_correspondences": 5550,
  "filtered_correspondences": 5550,
  "evaluation_timestamp": "2025-12-20T02:29:11.920633"
}